Country Name,Country Code,Series Name,Series Code,2014 [YR2014],2015 [YR2015],2016 [YR2016],2017 [YR2017],2018 [YR2018],2019 [YR2019],2020 [YR2020],2021 [YR2021],2022 [YR2022],2023 [YR2023]
Afghanistan,AFG,GDP per capita (constant 2015 US$),NY.GDP.PCAP.KD,576.4878173,566.8811297,564.9208406,563.4882365,553.973306,559.140954,529.1449097,407.6165052,372.6158948,..
Albania,ALB,GDP per capita (constant 2015 US$),NY.GDP.PCAP.KD,3855.760744,3952.803574,4090.372728,4249.820049,4431.555595,4543.38771,4418.660874,4857.111942,5155.29086,5394.18241
Algeria,DZA,GDP per capita (constant 2015 US$),NY.GDP.PCAP.KD,4687.288575,4741.49977,4829.185829,4806.631255,4782.034707,4737.129774,4422.979472,4515.573999,4602.575608,4717.399329
American Samoa,ASM,GDP per capita (constant 2015 US$),NY.GDP.PCAP.KD,12494.98021,13101.54182,13116.43098,12442.85767,13049.33015,13288.35656,14214.64646,14464.81405,14969.05994,..
Andorra,AND,GDP per capita (constant 2015 US$),NY.GDP.PCAP.KD,38402.64926,38885.53032,39886.64008,39321.61431,39320.09245,39413.79088,34394.41404,36616.10076,39720.95186,40161.76953
Angola,AGO,GDP per capita (constant 2015 US$),NY.GDP.PCAP.KD,3304.681148,3217.33924,3023.916319,2914.127139,2777.843042,2666.253915,2435.024854,2387.429907,2385.119956,2333.718775
Antigua and Barbuda,ATG,GDP per capita (constant 2015 US$),NY.GDP.PCAP.KD,15882.30926,15985.54114,16526.43614,16830.39626,17901.04091,18357.67882,14803.76951,15921.09512,17335.04704,17902.37992
Argentina,ARG,GDP per capita (constant 2015 US$),NY.GDP.PCAP.KD,13567.94842,13789.06042,13360.21183,13595.03736,13105.39716,12716.2242,11346.65211,12444.31827,12940.73844,12625.46955
Armenia,ARM,GDP per capita (constant 2015 US$),NY.GDP.PCAP.KD,3538.529392,3666.141822,3689.830082,3985.916698,4215.899394,4561.967799,4256.131228,4526.597489,5116.205756,5566.318493
Aruba,ABW,GDP per capita (constant 2015 US$),NY.GDP.PCAP.KD,28780.63086,28419.26453,28737.89649,30598.64902,31172.80251,30317.60739,23015.74205,29390.38095,32492.17888,..
Australia,AUS,GDP per capita (constant 2015 US$),NY.GDP.PCAP.KD,56341.13415,56758.8692,57432.18029,57804.05091,58600.79036,59000.73544,58082.42658,59225.52454,60972.87034,61340.71048
Austria,AUT,GDP per capita (constant 2015 US$),NY.GDP.PCAP.KD,44245.16874,44195.81759,44590.25163,45281.7234,46154.6251,46616.35917,43343.9719,44984.41974,46697.85652,45851.72488
Azerbaijan,AZE,GDP per capita (constant 2015 US$),NY.GDP.PCAP.KD,5506.181696,5500.503646,5270.738166,5229.70989,5262.368705,5348.453189,5083.560254,5345.439864,5595.255787,5674.483477
"Bahamas, The",BHS,GDP per capita (constant 2015 US$),NY.GDP.PCAP.KD,29698.75832,29722.40684,29192.74645,29781.06581,30344.7996,29736.79422,23256.11606,26743.87403,29477.23585,30061.65465
Bahrain,BHR,GDP per capita (constant 2015 US$),NY.GDP.PCAP.KD,23078.88215,22850.6654,22847.34604,22950.21214,22994.15207,23384.75929,22550.95264,23359.68821,24353.07326,24734.34207
Bangladesh,BGD,GDP per capita (constant 2015 US$),NY.GDP.PCAP.KD,1174.302401,1236.435456,1308.188406,1377.083562,1460.813516,1558.507797,1593.903088,1685.020935,1785.361317,1869.163933
Barbados,BRB,GDP per capita (constant 2015 US$),NY.GDP.PCAP.KD,16672.51917,17040.41761,17439.90805,17495.90041,17334.21314,17369.50997,15163.66721,14957.23472,16947.38221,17690.19648
Belarus,BLR,GDP per capita (constant 2015 US$),NY.GDP.PCAP.KD,6212.935779,5967.06856,5811.25054,5964.914363,6165.957887,6267.765139,6252.008819,6457.75127,6206.648855,6482.820333
Belgium,BEL,GDP per capita (constant 2015 US$),NY.GDP.PCAP.KD,40421.42079,41008.29672,41318.01964,41825.76283,42382.31828,43098.47506,40636.80662,43273.6357,44198.196,44283.20771
Belize,BLZ,GDP per capita (constant 2015 US$),NY.GDP.PCAP.KD,6034.402196,6098.60008,5974.37917,5750.503569,5699.062802,5833.173562,4957.943868,5768.908388,6191.662837,6385.373584
Benin,BEN,GDP per capita (constant 2015 US$),NY.GDP.PCAP.KD,1054.108767,1041.652523,1045.150937,1072.362032,1111.227247,1153.72621,1164.708967,1214.07759,1255.607293,1300.320002
Bermuda,BMU,GDP per capita (constant 2015 US$),NY.GDP.PCAP.KD,101374.4698,102005.6256,102407.3944,107237.0318,106697.7375,107036.2393,99739.97988,105357.7012,112431.3841,..
Bhutan,BTN,GDP per capita (constant 2015 US$),NY.GDP.PCAP.KD,2746.086854,2899.228294,3115.587912,3197.743747,3283.775667,3448.49419,3075.885565,3191.308829,3336.376299,..
Bolivia,BOL,GDP per capita (constant 2015 US$),NY.GDP.PCAP.KD,2882.806896,2975.648811,3054.892548,3135.031646,3219.200892,3242.948845,2920.197447,3061.899295,3134.766321,3168.731901
Bosnia and Herzegovina,BIH,GDP per capita (constant 2015 US$),NY.GDP.PCAP.KD,4403.673915,4654.60862,4865.351291,5082.997254,5339.477068,5558.08144,5459.219629,5947.725703,6270.858487,6421.007144
Botswana,BWA,GDP per capita (constant 2015 US$),NY.GDP.PCAP.KD,6291.271811,5869.737579,6166.239927,6287.834749,6418.706354,6485.568198,5810.898476,6398.013848,6641.569807,6708.039461
Brazil,BRA,GDP per capita (constant 2015 US$),NY.GDP.PCAP.KD,9183.459727,8783.215424,8426.843221,8470.940604,8553.865902,8592.211207,8255.568013,8603.152214,8822.045043,9032.113614
British Virgin Islands,VGB,GDP per capita (constant 2015 US$),NY.GDP.PCAP.KD,..,..,..,..,..,..,..,..,..,..
Brunei Darussalam,BRN,GDP per capita (constant 2015 US$),NY.GDP.PCAP.KD,31155.74411,30681.43397,29601.0965,29695.88082,29437.86518,30313.41386,30401.84383,29673.16588,28954.06409,29132.94685
Bulgaria,BGR,GDP per capita (constant 2015 US$),NY.GDP.PCAP.KD,6802.710324,7078.860323,7344.443503,7601.438474,7862.86183,8237.926783,7958.82684,8638.718376,9550.94255,9779.822064
Burkina Faso,BFA,GDP per capita (constant 2015 US$),NY.GDP.PCAP.KD,626.6262508,632.1266858,650.4172609,671.2517963,696.0445708,717.3745338,712.3849501,741.8926162,735.9981319,738.9565342
Burundi,BDI,GDP per capita (constant 2015 US$),NY.GDP.PCAP.KD,307.7655313,289.3596272,282.9759666,277.9598031,274.1319085,270.1372774,263.3609887,264.3648329,262.1848047,262.1657056
Cabo Verde,CPV,GDP per capita (constant 2015 US$),NY.GDP.PCAP.KD,3174.705317,3169.078901,3267.879015,3376.938283,3463.812819,3667.057365,2876.153428,3050.775627,3551.248242,3699.596307
Cambodia,KHM,GDP per capita (constant 2015 US$),NY.GDP.PCAP.KD,1109.375653,1170.742816,1235.323404,1304.549389,1384.968023,1465.969535,1404.198655,1429.937027,1488.814551,1552.820568
Cameroon,CMR,GDP per capita (constant 2015 US$),NY.GDP.PCAP.KD,1366.966595,1399.675336,1420.029872,1429.234685,1445.267771,1454.564069,1419.328208,1428.562585,1441.794905,1461.019604
Canada,CAN,GDP per capita (constant 2015 US$),NY.GDP.PCAP.KD,43643.23565,43594.1941,43551.3426,44339.38867,44907.34368,45100.29149,42366.12852,44359.61673,45227.14474,44388.403
Cayman Islands,CYM,GDP per capita (constant 2015 US$),NY.GDP.PCAP.KD,76872.58092,77295.84566,78077.43365,78883.28208,80597.70864,82170.59303,76733.55605,79522.61081,82929.3038,..
Central African Republic,CAF,GDP per capita (constant 2015 US$),NY.GDP.PCAP.KD,338.7003848,351.8797548,362.2183312,371.603131,378.2630778,381.4140464,375.2169241,370.980373,364.6907534,357.4114109
Chad,TCD,GDP per capita (constant 2015 US$),NY.GDP.PCAP.KD,777.9356811,774.4116031,703.4660071,660.1261338,653.3497615,652.703216,622.2785063,595.8495006,593.7719296,599.4683862
Channel Islands,CHI,GDP per capita (constant 2015 US$),NY.GDP.PCAP.KD,..,..,..,..,..,..,..,..,..,..
Chile,CHL,GDP per capita (constant 2015 US$),NY.GDP.PCAP.KD,13418.97577,13567.35722,13642.01809,13612.92425,13904.11534,13743.89304,12725.21234,14027.30688,14235.36163,14247.71335
China,CHN,GDP per capita (constant 2015 US$),NY.GDP.PCAP.KD,7532.785301,8016.445595,8516.528742,9053.228725,9619.209475,10155.51088,10358.17,11223.25535,11560.24212,12174.00411
Colombia,COL,GDP per capita (constant 2015 US$),NY.GDP.PCAP.KD,6107.083019,6228.651621,6291.079697,6280.89105,6320.990747,6404.108765,5857.172556,6416.00841,6836.228737,6850.196346
Comoros,COM,GDP per capita (constant 2015 US$),NY.GDP.PCAP.KD,1336.489703,1322.936776,1337.52787,1360.431187,1383.377873,1381.62224,1352.955493,1355.538813,1362.778022,1374.455056
"Congo, Dem. Rep.",COD,GDP per capita (constant 2015 US$),NY.GDP.PCAP.KD,466.4249468,482.0645686,476.8149047,477.8478912,489.3823746,494.8192478,487.4331332,501.2390885,528.7888345,555.7990987
"Congo, Rep.",COG,GDP per capita (constant 2015 US$),NY.GDP.PCAP.KD,2504.292626,2455.340858,2189.162723,2017.853956,1924.718802,1901.055993,1740.827342,1718.23081,1704.267484,1697.961219
Costa Rica,CRI,GDP per capita (constant 2015 US$),NY.GDP.PCAP.KD,11240.71159,11529.95517,11893.32325,12267.16204,12470.95742,12662.42285,12030.04859,12906.99704,13424.4647,14025.85645
Cote d'Ivoire,CIV,GDP per capita (constant 2015 US$),NY.GDP.PCAP.KD,1858.615353,1941.581898,2027.833976,2122.502619,2168.913442,2256.837956,2216.327253,2315.321927,2399.699938,2493.45561
Croatia,HRV,GDP per capita (constant 2015 US$),NY.GDP.PCAP.KD,11736.33488,12135.10362,12666.08721,13250.41072,13768.18945,14321.33448,13157.97243,15520.79749,16712.03605,17234.48109
Cuba,CUB,GDP per capita (constant 2015 US$),NY.GDP.PCAP.KD,7362.311259,7683.740254,7721.70357,7865.338609,8047.941031,8043.014197,7172.517928,7291.037772,7449.68288,..
Curacao,CUW,GDP per capita (constant 2015 US$),NY.GDP.PCAP.KD,19529.52867,19361.813,18953.05374,18651.47981,18355.17671,17980.52982,14974.32567,15867.24575,17391.61578,..
Cyprus,CYP,GDP per capita (constant 2015 US$),NY.GDP.PCAP.KD,22581.81641,23487.21875,24916.61914,26101.28516,27241.06445,28362.08398,27076.74023,29484.40039,30556.71875,30768.91992
Czechia,CZE,GDP per capita (constant 2015 US$),NY.GDP.PCAP.KD,16951.37912,17829.69832,18247.01173,19139.23988,19689.5827,20206.42564,19048.08685,20085.51607,20237.29455,19800.27922
Denmark,DNK,GDP per capita (constant 2015 US$),NY.GDP.PCAP.KD,52404.76397,53254.85637,54556.06895,55735.7649,56563.48847,57203.02779,55653.58745,59205.64669,60345.55732,61031.81371
Djibouti,DJI,GDP per capita (constant 2015 US$),NY.GDP.PCAP.KD,2279.577595,2409.311902,2538.054019,2632.913333,2714.351648,2820.062866,2814.826221,2901.137113,2968.251546,3122.94931
Dominica,DMA,GDP per capita (constant 2015 US$),NY.GDP.PCAP.KD,8013.753085,7724.042411,7929.805284,7370.433117,7586.646141,7936.304818,6566.427357,6978.470497,7335.194758,7648.983291
Dominican Republic,DOM,GDP per capita (constant 2015 US$),NY.GDP.PCAP.KD,6472.849086,6838.936746,7209.990202,7461.653269,7894.955192,8205.142592,7571.78282,8410.605843,8732.080739,8856.068663
Ecuador,ECU,GDP per capita (constant 2015 US$),NY.GDP.PCAP.KD,6084.307647,6002.108311,5872.45972,6127.149467,6075.166156,5970.108945,5342.739038,5798.364437,6087.535279,6166.004759
"Egypt, Arab Rep.",EGY,GDP per capita (constant 2015 US$),NY.GDP.PCAP.KD,3301.204443,3370.382447,3444.268262,3517.587895,3635.420582,3769.03577,3835.784215,3896.842853,4088.897045,4177.61446
El Salvador,SLV,GDP per capita (constant 2015 US$),NY.GDP.PCAP.KD,3686.095562,3761.51368,3845.022493,3921.315863,4009.716557,4104.917892,3773.393674,4208.271846,4310.910799,4442.24966
Equatorial Guinea,GNQ,GDP per capita (constant 2015 US$),NY.GDP.PCAP.KD,11200.81072,9788.983804,8594.450219,7818.05359,7079.650526,6472.070883,5995.905844,5905.3448,5976.900108,5506.005041
Eritrea,ERI,GDP per capita (constant 2015 US$),NY.GDP.PCAP.KD,..,..,..,..,..,..,..,..,..,..
Estonia,EST,GDP per capita (constant 2015 US$),NY.GDP.PCAP.KD,17096.64458,17402.03761,17945.94496,18962.4103,19611.61099,20327.01587,20091.04576,21524.68363,21140.99722,20245.2034
Eswatini,SWZ,GDP per capita (constant 2015 US$),NY.GDP.PCAP.KD,3530.360904,3583.31129,3594.167067,3638.768782,3696.35985,3766.062999,3672.65335,4025.42383,4012.94045,4175.459321
Ethiopia,ETH,GDP per capita (constant 2015 US$),NY.GDP.PCAP.KD,586.5736135,630.3126194,671.2905759,715.7487347,744.3675203,785.484972,811.2555399,834.9912914,857.3487002,890.3496172
Faroe Islands,FRO,GDP per capita (constant 2015 US$),NY.GDP.PCAP.KD,52595.02543,52726.68738,52762.42872,53822.9099,54506.38707,56099.96896,54248.5498,56856.68539,59699.20083,..
Fiji,FJI,GDP per capita (constant 2015 US$),NY.GDP.PCAP.KD,4894.043571,5105.189592,5223.376008,5499.122203,5708.91093,5679.051827,4701.331468,4451.602599,5313.028438,5698.964205
Finland,FIN,GDP per capita (constant 2015 US$),NY.GDP.PCAP.KD,42710.92129,42801.90812,43878.96673,45173.62941,45627.91989,46135.88142,44984.73445,46165.68655,46655.16536,45939.29165
France,FRA,GDP per capita (constant 2015 US$),NY.GDP.PCAP.KD,36378.61866,36652.92231,36956.7958,37694.0833,38259.69777,38832.0242,35806.61789,38002.19424,38816.47928,38975.57662
French Polynesia,PYF,GDP per capita (constant 2015 US$),NY.GDP.PCAP.KD,18072.11379,18252.5142,18573.38493,19260.61953,19471.39011,19856.25906,18321.52796,18575.3862,19262.6132,..
Gabon,GAB,GDP per capita (constant 2015 US$),NY.GDP.PCAP.KD,7039.682149,7090.454634,7038.577278,6893.384327,6786.89035,6893.323105,6619.688603,6577.411772,6637.066106,6654.756571
"Gambia, The",GMB,GDP per capita (constant 2015 US$),NY.GDP.PCAP.KD,605.033694,611.6712191,606.3162003,618.4807687,645.9381872,668.6351226,655.5761192,672.802271,688.6527914,707.5587401
Georgia,GEO,GDP per capita (constant 2015 US$),NY.GDP.PCAP.KD,3960.350801,4086.622347,4225.091549,4442.507441,4713.653548,4975.811482,4659.609253,5175.198652,5736.304496,6086.592688
Germany,DEU,GDP per capita (constant 2015 US$),NY.GDP.PCAP.KD,40851.16173,41103.25644,41682.03224,42639.55441,42928.74124,43292.68389,41601.97316,42900.02252,43361.17712,42878.81184
Ghana,GHA,GDP per capita (constant 2015 US$),NY.GDP.PCAP.KD,1715.823971,1711.271326,1728.097086,1827.273927,1899.808432,1981.61376,1951.064478,2009.359093,2046.007619,2066.375224
Gibraltar,GIB,GDP per capita (constant 2015 US$),NY.GDP.PCAP.KD,..,..,..,..,..,..,..,..,..,..
Greece,GRC,GDP per capita (constant 2015 US$),NY.GDP.PCAP.KD,18000.41846,18083.87791,18070.78073,18304.30768,18647.49572,19017.99643,17283.24572,18960.89058,20287.7253,20826.89558
Greenland,GRL,GDP per capita (constant 2015 US$),NY.GDP.PCAP.KD,45545.14294,44536.35497,46561.78314,46597.94525,47012.98604,48170.7897,48139.5826,48514.52713,..,..
Grenada,GRD,GDP per capita (constant 2015 US$),NY.GDP.PCAP.KD,7939.502066,8379.621847,8621.538901,8933.108249,9252.554034,9247.898382,7915.138714,8223.186698,8766.930964,9134.307447
Guam,GUM,GDP per capita (constant 2015 US$),NY.GDP.PCAP.KD,34328.5632,34522.37793,34509.60065,34763.08114,34460.44653,35341.40513,31510.46336,31913.28896,33298.6993,..
Guatemala,GTM,GDP per capita (constant 2015 US$),NY.GDP.PCAP.KD,3903.051966,3994.629085,4034.150577,4091.259983,4163.476302,4263.708444,4124.143539,4388.724072,4504.129223,4596.32008
Guinea,GIN,GDP per capita (constant 2015 US$),NY.GDP.PCAP.KD,747.3634109,756.4255898,816.8470793,878.1792715,910.6526419,937.7031315,959.431973,972.7790298,994.4369972,1039.809828
Guinea-Bissau,GNB,GDP per capita (constant 2015 US$),NY.GDP.PCAP.KD,622.8278335,644.1790639,661.4893133,676.4736237,685.4629498,699.7683272,694.2786536,722.6192449,736.9322106,752.0674596
Guyana,GUY,GDP per capita (constant 2015 US$),NY.GDP.PCAP.KD,5659.081803,5668.429765,5852.81165,6038.253388,6127.679107,6348.68368,9126.791425,10852.57475,17646.21592,23325.12242
Haiti,HTI,GDP per capita (constant 2015 US$),NY.GDP.PCAP.KD,1406.412226,1405.714776,1411.143101,1426.633682,1430.818767,1387.514904,1324.283277,1284.477926,1247.892382,1210.034669
Honduras,HND,GDP per capita (constant 2015 US$),NY.GDP.PCAP.KD,2213.440507,2257.225284,2303.878504,2373.79156,2423.27606,2443.881718,2188.972462,2426.485744,2489.602336,2539.618593
"Hong Kong SAR, China",HKG,GDP per capita (constant 2015 US$),NY.GDP.PCAP.KD,41796.84392,42432.16197,43087.53832,44380.79384,45280.47389,44195.25234,41451.2864,44530.89383,43283.0159,43548.25383
Hungary,HUN,GDP per capita (constant 2015 US$),NY.GDP.PCAP.KD,12233.29937,12717.0386,13035.35286,13628.40449,14377.42416,15083.59917,14437.80885,15521.38159,16345.31109,16286.75933
Iceland,ISL,GDP per capita (constant 2015 US$),NY.GDP.PCAP.KD,51233.24405,52951.68151,55513.6423,56501.45768,57697.80442,57493.41953,52641.72348,54452.09697,57816.36166,58393.17888
India,IND,GDP per capita (constant 2015 US$),NY.GDP.PCAP.KD,1490.028508,1590.174331,1701.184238,1795.91185,1891.138435,1944.314848,1814.56157,1974.580602,2098.220931,2239.250363
Indonesia,IDN,GDP per capita (constant 2015 US$),NY.GDP.PCAP.KD,3203.484287,3322.581679,3453.04943,3591.780028,3741.305267,3892.421662,3780.121634,3892.956,4073.55835,4247.853155
"Iran, Islamic Rep.",IRN,GDP per capita (constant 2015 US$),NY.GDP.PCAP.KD,5178.900707,4990.936795,5332.101032,5401.455937,5233.282054,5017.117215,5141.084776,5344.958025,5507.533395,5739.943951
Iraq,IRQ,GDP per capita (constant 2015 US$),NY.GDP.PCAP.KD,4333.82399,4416.942924,4903.823258,4702.400484,4710.976149,4854.386496,4170.392048,4138.077271,4357.865927,4136.19753
Ireland,IRL,GDP per capita (constant 2015 US$),NY.GDP.PCAP.KD,50427.32967,62179.26427,62566.79784,67652.01992,72478.83824,75281.92153,79441.70868,90589.19673,97316.87751,91783.43701
Isle of Man,IMN,GDP per capita (constant 2015 US$),NY.GDP.PCAP.KD,84774.53892,84753.51874,90801.17153,93232.64891,95074.43972,95137.33489,86613.61338,89706.0885,..,..
Israel,ISR,GDP per capita (constant 2015 US$),NY.GDP.PCAP.KD,36035.25775,36206.52222,37109.02182,37953.04046,38744.16044,39591.36876,38176.75434,40772.97049,42710.77822,42674.30023
Italy,ITA,GDP per capita (constant 2015 US$),NY.GDP.PCAP.KD,29979.91872,30242.38614,30685.6459,31244.2271,31593.48026,32114.29986,29375.03734,31980.64124,33364.10905,33774.02019
Jamaica,JAM,GDP per capita (constant 2015 US$),NY.GDP.PCAP.KD,5049.080415,5077.550969,5132.226821,5172.916054,5264.196452,5307.510344,4769.693594,4976.359709,5236.790244,5355.474825
Japan,JPN,GDP per capita (constant 2015 US$),NY.GDP.PCAP.KD,34386.90586,34960.63938,35242.19938,35861.97285,36138.52908,36043.7844,34650.79678,35701.45427,36202.63927,37079.10922
Jordan,JOR,GDP per capita (constant 2015 US$),NY.GDP.PCAP.KD,4348.236659,4064.25301,3949.610785,3947.97167,3929.687185,3909.250017,3784.762523,3845.856975,3891.212226,3974.959394
Kazakhstan,KAZ,GDP per capita (constant 2015 US$),NY.GDP.PCAP.KD,10539.04311,10510.77032,10476.34601,10758.51928,11053.36042,11402.75842,10974.24464,11186.28228,11283.41609,11700.83648
Kenya,KEN,GDP per capita (constant 2015 US$),NY.GDP.PCAP.KD,1457.543066,1496.653573,1525.743551,1550.203457,1604.802932,1653.828985,1616.502404,1705.74039,1754.58548,1813.760973
Kiribati,KIR,GDP per capita (constant 2015 US$),NY.GDP.PCAP.KD,1495.02283,1641.480977,1733.245685,1767.138005,1799.26864,1829.223057,1785.563193,1904.765883,1942.698066,1991.314314
"Korea, Dem. People's Rep.",PRK,GDP per capita (constant 2015 US$),NY.GDP.PCAP.KD,..,..,..,..,..,..,..,..,..,..
"Korea, Rep.",KOR,GDP per capita (constant 2015 US$),NY.GDP.PCAP.KD,28100.01028,28737.43917,29467.12434,30312.88885,31059.26681,31645.94983,31378.15793,32771.07242,33690.37888,34121.02118
Kosovo,XKX,GDP per capita (constant 2015 US$),NY.GDP.PCAP.KD,3279.055741,3520.782075,3739.198762,3890.212826,4009.123639,4219.097599,3990.98626,4429.977667,4666.41775,4854.333511
Kuwait,KWT,GDP per capita (constant 2015 US$),NY.GDP.PCAP.KD,30282.54256,29315.1931,29134.37257,27244.48726,26664.64879,26278.73963,25353.24044,26452.96877,27953.33943,27068.48691
Kyrgyz Republic,KGZ,GDP per capita (constant 2015 US$),NY.GDP.PCAP.KD,1101.705195,1121.082696,1146.103079,1177.43859,1197.610575,1226.824312,1117.703848,1145.567336,1212.23374,1263.987461
Lao PDR,LAO,GDP per capita (constant 2015 US$),NY.GDP.PCAP.KD,2009.825386,2125.458901,2240.416182,2358.37249,2467.95558,2564.019465,2539.124338,2566.277234,2599.204888,2659.718385
Latvia,LVA,GDP per capita (constant 2015 US$),NY.GDP.PCAP.KD,13162.65456,13786.4568,14242.57267,14845.33489,15558.492,15759.08184,15312.33506,16481.52435,17014.61909,16945.20433
Lebanon,LBN,GDP per capita (constant 2015 US$),NY.GDP.PCAP.KD,7921.080236,7802.751368,8101.709668,8374.740359,8435.637354,8081.743344,6485.72604,6107.454709,6183.243915,..
Lesotho,LSO,GDP per capita (constant 2015 US$),NY.GDP.PCAP.KD,1092.094266,1113.836835,1140.387874,1090.990303,1061.438059,1033.371164,944.2471692,950.2100257,952.2528378,950.706869
Liberia,LBR,GDP per capita (constant 2015 US$),NY.GDP.PCAP.KD,714.18249,699.6629469,675.0596106,678.5791441,673.411392,644.1620652,612.3842476,629.8205547,646.5011617,662.5032368
Libya,LBY,GDP per capita (constant 2015 US$),NY.GDP.PCAP.KD,8057.29954,7867.514931,7639.231896,9968.915079,10595.24575,9821.661732,4041.63593,10121.52832,10140.73817,9861.045144
Liechtenstein,LIE,GDP per capita (constant 2015 US$),NY.GDP.PCAP.KD,..,167809.2699,..,..,..,..,..,..,..,..
Lithuania,LTU,GDP per capita (constant 2015 US$),NY.GDP.PCAP.KD,13850.00013,14263.96458,14810.25178,15661.99625,16443.58529,17256.40815,17247.54369,18292.53285,18535.07797,18213.83425
Luxembourg,LUX,GDP per capita (constant 2015 US$),NY.GDP.PCAP.KD,105583.937,105462.0126,108351.4522,107142.1276,106376.7836,107350.6267,104616.0347,110425.8884,109714.9243,105996.6615
"Macao SAR, China",MAC,GDP per capita (constant 2015 US$),NY.GDP.PCAP.KD,95001.4822,73220.63556,71394.86114,76970.26821,80342.58758,76789.40658,34410.3458,41869.83924,32503.60383,57931.69638
Madagascar,MDG,GDP per capita (constant 2015 US$),NY.GDP.PCAP.KD,453.3834142,455.6380346,461.7360481,467.6550676,470.4238983,478.9269614,433.83824,447.7846759,453.858147,460.8341288
Malawi,MWI,GDP per capita (constant 2015 US$),NY.GDP.PCAP.KD,544.2637939,544.2768727,542.925737,549.6263017,558.5604527,573.400114,562.7830388,563.3619563,554.1985772,548.5785463
Malaysia,MYS,GDP per capita (constant 2015 US$),NY.GDP.PCAP.KD,9369.102158,9699.600463,9984.163681,10416.04169,10777.76652,11114.56053,10382.72748,10605.67696,11399.39714,11691.36127
Maldives,MDV,GDP per capita (constant 2015 US$),NY.GDP.PCAP.KD,9530.588447,9480.431513,9688.248279,9972.377136,10453.63552,10888.64456,7164.307384,9731.556181,11035.58247,11534.9169
Mali,MLI,GDP per capita (constant 2015 US$),NY.GDP.PCAP.KD,703.2310345,723.5042049,741.7976347,756.4280732,767.5715955,779.326625,745.8859848,744.7604273,747.1529265,762.6460414
Malta,MLT,GDP per capita (constant 2015 US$),NY.GDP.PCAP.KD,23286.22645,24921.71418,25181.4771,27164.30042,28177.54954,29021.33579,26071.2199,29152.50721,30760.6355,31189.63321
Marshall Islands,MHL,GDP per capita (constant 2015 US$),NY.GDP.PCAP.KD,3559.243062,3708.215562,3872.452646,4114.260987,4460.33625,5061.103713,5066.005839,5288.390025,5313.444827,5429.088485
Mauritania,MRT,GDP per capita (constant 2015 US$),NY.GDP.PCAP.KD,1522.759119,1562.726836,1541.162878,1595.233276,1628.038855,1635.839997,1588.362034,1559.809845,1616.981803,1628.087523
Mauritius,MUS,GDP per capita (constant 2015 US$),NY.GDP.PCAP.KD,9181.615754,9507.871337,9868.327166,10247.69606,10652.48369,10956.94502,9362.874359,9679.121239,10570.42753,11318.60031
Mexico,MEX,GDP per capita (constant 2015 US$),NY.GDP.PCAP.KD,9947.886025,10098.17318,10161.35571,10240.31043,10343.35343,10228.98094,9279.049496,9756.858622,10078.60254,10326.95385
"Micronesia, Fed. Sts.",FSM,GDP per capita (constant 2015 US$),NY.GDP.PCAP.KD,2774.694714,2891.322103,2893.08195,2903.554275,2890.493005,2996.317305,2918.516064,2973.05151,2923.222952,2919.047164
Moldova,MDA,GDP per capita (constant 2015 US$),NY.GDP.PCAP.KD,2737.801851,2749.551371,2910.954869,3085.333058,3267.996104,3438.677327,3188.916916,3688.167294,3581.719725,3685.256705
Monaco,MCO,GDP per capita (constant 2015 US$),NY.GDP.PCAP.KD,165362.5096,170338.6804,173916.3158,168744.9942,178571.348,191194.5622,166822.5718,204610.1204,228667.9353,..
Mongolia,MNG,GDP per capita (constant 2015 US$),NY.GDP.PCAP.KD,3909.91332,3919.351213,3892.652204,4023.785623,4242.300222,4385.111677,4106.602683,4107.183721,4249.675014,4483.755202
Montenegro,MNE,GDP per capita (constant 2015 US$),NY.GDP.PCAP.KD,6307.018561,6517.192675,6707.85041,7023.433812,7381.80764,7684.183972,6515.536806,7390.308117,7889.237633,8375.222111
Morocco,MAR,GDP per capita (constant 2015 US$),NY.GDP.PCAP.KD,3047.131104,3139.228271,3116.562988,3234.751709,3296.194092,3355.613281,3081.662109,3293.703125,3300.799805,3370.836426
Mozambique,MOZ,GDP per capita (constant 2015 US$),NY.GDP.PCAP.KD,579.6423692,603.8385138,612.7245153,609.6735491,612.5990286,608.9636328,584.3149621,581.4443001,590.3689084,602.9199794
Myanmar,MMR,GDP per capita (constant 2015 US$),NY.GDP.PCAP.KD,1090.832555,1157.783961,1216.012628,1280.854243,1351.3883,1430.136343,1291.407809,1128.309761,1165.605523,1168.687609
Namibia,NAM,GDP per capita (constant 2015 US$),NY.GDP.PCAP.KD,4846.889512,4965.672765,4880.445038,4746.183329,4714.452518,4596.619576,4152.180648,4232.018936,4394.397099,4511.889397
Nauru,NRU,GDP per capita (constant 2015 US$),NY.GDP.PCAP.KD,7500.734697,7587.25441,7726.693567,7084.350996,6881.754242,7341.868206,7346.670448,7792.163221,7861.683478,7847.664871
Nepal,NPL,GDP per capita (constant 2015 US$),NY.GDP.PCAP.KD,853.1480484,882.3076616,878.1503867,946.042556,1006.606907,1061.486276,1018.107911,1042.973972,1083.220378,1091.895691
Netherlands,NLD,GDP per capita (constant 2015 US$),NY.GDP.PCAP.KD,44521.89454,45193.40322,45938.78504,46997.34545,47826.81912,48443.73205,46303.21886,48913.51899,50546.78937,50100.19137
New Caledonia,NCL,GDP per capita (constant 2015 US$),NY.GDP.PCAP.KD,..,32428.57223,..,..,..,..,..,..,..,..
New Zealand,NZL,GDP per capita (constant 2015 US$),NY.GDP.PCAP.KD,38014.64355,38639.35019,39197.32753,39691.21332,40350.9122,40651.97447,39596.52662,41225.79278,42320.89244,41724.96853
Nicaragua,NIC,GDP per capita (constant 2015 US$),NY.GDP.PCAP.KD,1960.688178,2025.324776,2087.696864,2153.612732,2052.133383,1965.275495,1904.492904,2071.923795,2119.395179,2185.448135
Niger,NER,GDP per capita (constant 2015 US$),NY.GDP.PCAP.KD,478.8551539,481.1113011,489.4338123,494.6354943,510.5955143,520.9346433,519.6960778,507.7103245,547.4201513,540.5848243
Nigeria,NGA,GDP per capita (constant 2015 US$),NY.GDP.PCAP.KD,2677.493581,2679.554223,2570.959759,2526.99961,2512.080475,2505.462239,2401.183415,2429.58529,2449.587981,2460.394496
North Macedonia,MKD,GDP per capita (constant 2015 US$),NY.GDP.PCAP.KD,5053.750012,5262.686719,5429.946784,5510.818629,5698.393345,5961.584754,5743.726494,6064.923151,6217.951641,6350.243407
Northern Mariana Islands,MNP,GDP per capita (constant 2015 US$),NY.GDP.PCAP.KD,16974.27842,17665.10075,22995.52741,28549.32658,23242.92544,20796.03042,14703.51161,..,..,..
Norway,NOR,GDP per capita (constant 2015 US$),NY.GDP.PCAP.KD,74180.32387,74809.9658,75017.49447,76247.41166,76373.62411,76712.28713,75287.20595,77812.71157,79434.62565,78939.40477
Oman,OMN,GDP per capita (constant 2015 US$),NY.GDP.PCAP.KD,18694.31095,18777.43306,18799.80845,18260.00507,18256.65315,18044.27045,17662.24284,18300.762,18856.87524,18821.98183
Pakistan,PAK,GDP per capita (constant 2015 US$),NY.GDP.PCAP.KD,1382.094202,1421.835278,1497.168722,1542.904071,1612.835353,1626.748868,1578.429633,1650.692674,1696.95649,1663.987381
Palau,PLW,GDP per capita (constant 2015 US$),NY.GDP.PCAP.KD,14705.77581,16141.16966,16263.49987,15669.36573,15744.79821,15841.87863,14597.33504,12493.61215,12426.97571,12480.62829
Panama,PAN,GDP per capita (constant 2015 US$),NY.GDP.PCAP.KD,13155.45367,13669.55944,14099.93633,14634.84251,14922.12999,15166.8809,12307.2592,14069.87941,15388.05586,16294.0326
Papua New Guinea,PNG,GDP per capita (constant 2015 US$),NY.GDP.PCAP.KD,2408.108306,2502.073445,2575.067512,2603.015033,2536.083188,2590.493924,2455.145342,2387.069503,2462.549092,2482.719882
Paraguay,PRY,GDP per capita (constant 2015 US$),NY.GDP.PCAP.KD,5774.583479,5861.401895,6025.096769,6226.68542,6338.513678,6229.224895,6095.391375,6259.738739,6199.600382,6415.429285
Peru,PER,GDP per capita (constant 2015 US$),NY.GDP.PCAP.KD,6056.033757,6180.119268,6337.580493,6400.038232,6530.422998,6550.448015,5750.200311,6438.74995,6549.33483,6455.827682
Philippines,PHL,GDP per capita (constant 2015 US$),NY.GDP.PCAP.KD,2843.843604,2974.296917,3130.910641,3289.472268,3439.100523,3589.613636,3195.538883,3328.042355,3528.330428,3667.565537
Poland,POL,GDP per capita (constant 2015 US$),NY.GDP.PCAP.KD,12024.60951,12560.05142,12936.57326,13599.81802,14408.38439,15053.23237,14774.9892,15863.23111,17178.66834,17269.99417
Portugal,PRT,GDP per capita (constant 2015 US$),NY.GDP.PCAP.KD,18833.05183,19250.10654,19700.91,20441.4858,21057.61748,21617.41162,19802.22891,20807.52768,22125.93919,22377.66612
Puerto Rico,PRI,GDP per capita (constant 2015 US$),NY.GDP.PCAP.KD,29554.57854,29763.4883,29961.54301,29809.23499,29686.96885,30181.14985,28145.00535,28416.7799,29819.88844,30122.84123
Qatar,QAT,GDP per capita (constant 2015 US$),NY.GDP.PCAP.KD,69723.72737,66984.9102,64233.26221,60551.02004,60080.69655,59621.38164,58476.19943,61022.5029,63428.36409,..
Romania,ROU,GDP per capita (constant 2015 US$),NY.GDP.PCAP.KD,8661.122035,8976.954489,9286.596151,10106.01761,10778.44835,11252.88562,10898.92142,11607.4026,12131.73625,12386.46144
Russian Federation,RUS,GDP per capita (constant 2015 US$),NY.GDP.PCAP.KD,9493.8125,9277.713867,9269.319336,9418.914063,9674.787109,9882.024414,9632.325195,10206.94531,10030.03906,10420.57129
Rwanda,RWA,GDP per capita (constant 2015 US$),NY.GDP.PCAP.KD,690.3858445,733.8133793,758.8602361,769.2862019,814.7199604,870.6240988,821.3292614,889.1679909,939.7281495,994.2257551
Samoa,WSM,GDP per capita (constant 2015 US$),NY.GDP.PCAP.KD,3933.416182,4048.467113,4329.727671,4346.504591,4277.342015,4421.294546,4223.588172,3855.807933,3591.804948,3822.160264
San Marino,SMR,GDP per capita (constant 2015 US$),NY.GDP.PCAP.KD,41558.69882,42281.81125,42935.41734,42765.69982,43277.50141,44143.04564,41415.66696,45269.47405,..,..
Sao Tome and Principe,STP,GDP per capita (constant 2015 US$),NY.GDP.PCAP.KD,1296.511598,1292.733055,1336.347009,1368.54515,1406.103382,1412.66966,1422.948828,1420.950296,1395.157528,1361.73245
Saudi Arabia,SAU,GDP per capita (constant 2015 US$),NY.GDP.PCAP.KD,19940.48314,20442.36256,20412.2318,20130.2156,20284.79568,20044.26861,19235.24227,20237.71314,21478.81653,21006.15117
Senegal,SEN,GDP per capita (constant 2015 US$),NY.GDP.PCAP.KD,1196.164308,1238.1264,1281.546121,1339.568001,1384.642075,1409.970821,1391.046955,1443.384543,1460.494903,1476.445172
Serbia,SRB,GDP per capita (constant 2015 US$),NY.GDP.PCAP.KD,5462.734775,5588.979444,5805.898062,5959.521304,6261.5257,6567.908055,6552.084391,7125.218582,7493.161802,7736.463852
Seychelles,SYC,GDP per capita (constant 2015 US$),NY.GDP.PCAP.KD,14395.61581,15333.10517,16962.6754,17921.5732,18628.18623,19481.64611,17048.36173,17005.04221,16188.78133,16715.26509
Sierra Leone,SLE,GDP per capita (constant 2015 US$),NY.GDP.PCAP.KD,748.9284173,581.2934118,603.408938,611.0839948,617.5295194,634.9856157,608.3381202,619.2692233,626.9020435,634.7371896
Singapore,SGP,GDP per capita (constant 2015 US$),NY.GDP.PCAP.KD,54681.93365,55645.60686,56899.48512,59414.65495,61216.12509,61333.65632,59144.35392,67638.64599,67948.89283,65422.46032
Sint Maarten (Dutch part),SXM,GDP per capita (constant 2015 US$),NY.GDP.PCAP.KD,37584.98045,36519.99266,36715.49168,34280.34548,31668.13632,34507.72011,29391.99089,30467.12223,33305.63186,34207.95128
Slovak Republic,SVK,GDP per capita (constant 2015 US$),NY.GDP.PCAP.KD,15600.36717,16390.88217,16687.98446,17151.65248,17818.23411,18240.99372,17618.50134,18498.36027,18898.04284,19217.47398
Slovenia,SVN,GDP per capita (constant 2015 US$),NY.GDP.PCAP.KD,20453.83339,20890.16643,21541.17642,22563.75894,23483.52912,24142.08957,22963.93341,24786.79121,25349.75855,25643.35229
Solomon Islands,SLB,GDP per capita (constant 2015 US$),NY.GDP.PCAP.KD,2153.335512,2134.805418,2197.988178,2210.91151,2217.817279,2203.962866,2079.540306,2082.667779,2084.347056,2099.029548
Somalia,SOM,GDP per capita (constant 2015 US$),NY.GDP.PCAP.KD,477.3395695,507.4829155,520.0699979,547.6226591,543.9775807,543.612617,511.8798088,512.448926,509.075021,509.0799896
South Africa,ZAF,GDP per capita (constant 2015 US$),NY.GDP.PCAP.KD,6252.317977,6204.929901,6185.746047,6233.187108,6253.118996,6188.703558,5748.897845,5959.443657,6022.427508,6006.452857
South Sudan,SSD,GDP per capita (constant 2015 US$),NY.GDP.PCAP.KD,1199.421045,1071.777765,..,..,..,..,..,..,..,..
Spain,ESP,GDP per capita (constant 2015 US$),NY.GDP.PCAP.KD,24783.08295,25754.36103,26514.32481,27239.35244,27739.86477,28087.89792,24829.64859,26391.59723,27702.7453,28046.95064
Sri Lanka,LKA,GDP per capita (constant 2015 US$),NY.GDP.PCAP.KD,3846.826238,3990.353117,4174.636996,4427.542551,4495.710463,4458.434427,4229.749594,4360.566924,4035.652667,3968.676365
St. Kitts and Nevis,KNA,GDP per capita (constant 2015 US$),NY.GDP.PCAP.KD,19892.10082,20029.75983,20818.34208,20865.64825,21294.39193,21919.78152,18581.38066,18684.63029,20628.6864,21292.70256
St. Lucia,LCA,GDP per capita (constant 2015 US$),NY.GDP.PCAP.KD,10330.40856,10292.73353,10597.88242,10909.67025,11178.86133,11062.53525,8321.253574,9317.414119,10988.97143,11314.73433
St. Martin (French part),MAF,GDP per capita (constant 2015 US$),NY.GDP.PCAP.KD,..,..,..,..,..,..,..,..,..,..
St. Vincent and the Grenadines,VCT,GDP per capita (constant 2015 US$),NY.GDP.PCAP.KD,7157.823385,7386.746638,7730.675911,7873.44204,8144.150821,8225.936437,7940.454686,8023.31398,8629.531344,9170.749467
Sudan,SDN,GDP per capita (constant 2015 US$),NY.GDP.PCAP.KD,1371.696045,1355.126099,1359.174805,1324.982422,1248.957275,1186.906006,1112.72168,1062.831421,1025.321289,878.6567383
Suriname,SUR,GDP per capita (constant 2015 US$),NY.GDP.PCAP.KD,9316.391985,8907.837258,8383.230039,8426.030498,8751.283977,8756.330289,7275.511596,7029.771618,7141.960436,7229.409647
Sweden,SWE,GDP per capita (constant 2015 US$),NY.GDP.PCAP.KD,49855.30101,51545.48361,51955.86107,52576.81028,52983.00686,53490.35182,51952.67313,54816.00585,55894.16194,55521.43275
Switzerland,CHE,GDP per capita (constant 2015 US$),NY.GDP.PCAP.KD,83394.37114,83806.4476,84611.09985,84967.58855,86756.60213,87123.66044,84637.01323,88520.322,90057.03594,89942.53755
Syrian Arab Republic,SYR,GDP per capita (constant 2015 US$),NY.GDP.PCAP.KD,856.1662339,857.4178848,812.6902785,805.9995763,802.4302094,781.3183335,754.5759393,744.6048849,..,..
Tajikistan,TJK,GDP per capita (constant 2015 US$),NY.GDP.PCAP.KD,937.0034121,970.3625472,1013.391175,1060.996823,1116.293021,1172.079054,1197.210625,1281.960844,1356.317214,1441.268061
Tanzania,TZA,GDP per capita (constant 2015 US$),NY.GDP.PCAP.KD,905.4842529,929.7998047,959.8522949,990.9520874,1012.498962,1039.510498,1028.911865,1041.75061,1057.739014,1080.785522
Thailand,THA,GDP per capita (constant 2015 US$),NY.GDP.PCAP.KD,5561.697616,5708.794091,5878.75394,6099.198026,6336.239677,6453.89408,6049.187611,6133.286018,6275.926584,6384.807181
Timor-Leste,TLS,GDP per capita (constant 2015 US$),NY.GDP.PCAP.KD,1309.721397,1322.929094,1346.550356,1284.618354,1256.903899,1528.646196,1986.883825,2059.315344,1611.468658,1360.511738
Togo,TGO,GDP per capita (constant 2015 US$),NY.GDP.PCAP.KD,748.7349264,770.1438074,782.8965624,794.4251003,812.4588107,832.1433943,828.6669269,857.7629144,886.2654391,921.6931295
Tonga,TON,GDP per capita (constant 2015 US$),NY.GDP.PCAP.KD,4050.993287,4117.931047,4405.749412,4564.736876,4587.280141,4628.448013,4637.675453,4481.478352,4356.771575,..
Trinidad and Tobago,TTO,GDP per capita (constant 2015 US$),NY.GDP.PCAP.KD,18776.16088,18508.7705,17008.97057,16090.80556,15716.42054,15614.9856,14214.38457,13997.62178,14155.17423,14416.23599
Tunisia,TUN,GDP per capita (constant 2015 US$),NY.GDP.PCAP.KD,3967.18319,3960.924849,3961.352483,4006.87409,4070.149819,4094.877942,3708.456663,3847.217318,3917.632087,3901.984635
Turkiye,TUR,GDP per capita (constant 2015 US$),NY.GDP.PCAP.KD,10556.11704,11049.99511,11264.61457,11953.66642,12148.29425,12073.87155,12179.66117,13449.92617,14055.10556,14630.37264
Turkmenistan,TKM,GDP per capita (constant 2015 US$),NY.GDP.PCAP.KD,5935.697157,6208.296655,6478.47003,6784.174349,7089.941805,7422.362521,7744.564032,8106.168651,8489.722266,8906.395648
Turks and Caicos Islands,TCA,GDP per capita (constant 2015 US$),NY.GDP.PCAP.KD,24190.68979,25783.2941,26417.95734,24724.46709,25077.5626,25432.85343,18118.18678,19386.5198,20323.14868,20406.72963
Tuvalu,TUV,GDP per capita (constant 2015 US$),NY.GDP.PCAP.KD,3058.914756,3384.383201,3584.190064,3680.083895,3718.430977,4197.242092,3976.796234,3999.761062,3988.405921,4111.540351
Uganda,UGA,GDP per capita (constant 2015 US$),NY.GDP.PCAP.KD,847.3522888,864.1800593,875.7962531,872.1858765,896.1625319,922.0231741,918.1200979,920.5476145,934.340839,956.2517869
Ukraine,UKR,GDP per capita (constant 2015 US$),NY.GDP.PCAP.KD,2346.237305,2124.662598,2185.317383,2246.73877,2336.976563,2425.634766,2350.400146,2452.98291,2042.639038,2207.009277
United Arab Emirates,ARE,GDP per capita (constant 2015 US$),NY.GDP.PCAP.KD,39242.27531,41525.1389,43457.51348,43419.56374,43644.14705,43785.41727,41276.05551,42715.44017,45698.01053,46877.42869
United Kingdom,GBR,GDP per capita (constant 2015 US$),NY.GDP.PCAP.KD,44337.67864,44964.39114,45482.17829,46373.63853,46740.55359,47240.59962,42191.91737,45889.61102,47343.47438,47005.11901
United States,USA,GDP per capita (constant 2015 US$),NY.GDP.PCAP.KD,55817.56325,57040.20821,57658.67088,58703.14408,60127.21028,61330.64598,59394.77833,62741.00181,63720.76416,65020.35293
Uruguay,URY,GDP per capita (constant 2015 US$),NY.GDP.PCAP.KD,16943.69106,16950.75317,17181.90676,17437.85492,17441.86524,17596.80527,16294.92593,17215.41992,18044.04742,18108.69356
Uzbekistan,UZB,GDP per capita (constant 2015 US$),NY.GDP.PCAP.KD,2613.748249,2753.971058,2867.051114,2943.099207,3062.486223,3185.334556,3187.048974,3356.033255,3473.361643,3604.112829
Vanuatu,VUT,GDP per capita (constant 2015 US$),NY.GDP.PCAP.KD,2697.773037,2643.886886,2701.592251,2802.778939,2815.587144,2838.988269,2634.243884,2532.796639,2521.260894,2517.225185
"Venezuela, RB",VEN,GDP per capita (constant 2015 US$),NY.GDP.PCAP.KD,..,..,..,..,..,..,..,..,..,..
Viet Nam,VNM,GDP per capita (constant 2015 US$),NY.GDP.PCAP.KD,2451.159389,2595.234844,2741.052788,2903.028202,3090.772595,3288.35289,3352.060011,3408.764554,3658.693163,3817.197668
Virgin Islands (U.S.),VIR,GDP per capita (constant 2015 US$),NY.GDP.PCAP.KD,34098.711,34007.35294,34614.74826,34435.49445,35183.23575,36328.06822,35758.79476,36925.3325,..,..
West Bank and Gaza,PSE,GDP per capita (constant 2015 US$),NY.GDP.PCAP.KD,3227.849345,3272.154324,3483.099035,3462.979861,3417.794408,3378.434621,2922.468011,3051.48607,3099.960901,2859.919373
"Yemen, Rep.",YEM,GDP per capita (constant 2015 US$),NY.GDP.PCAP.KD,2123.935071,1488.416289,1313.973627,1215.752612,1194.820576,1182.507111,1057.281686,1024.56992,1017.873109,975.7059633
Zambia,ZMB,GDP per capita (constant 2015 US$),NY.GDP.PCAP.KD,1312.014433,1307.909649,1314.977075,1319.607777,1331.449244,1310.622224,1237.283303,1277.612029,1308.101838,1347.241338
Zimbabwe,ZWE,GDP per capita (constant 2015 US$),NY.GDP.PCAP.KD,1412.204012,1410.329173,1393.71701,1421.240769,1462.590279,1342.989586,1213.117057,1289.199067,1345.769083,1383.23313
Africa Eastern and Southern,AFE,GDP per capita (constant 2015 US$),NY.GDP.PCAP.KD,1495.764362,1498.805084,1490.859688,1490.797648,1490.701057,1483.415659,1404.554538,1430.424771,1444.522962,1445.801128
Africa Western and Central,AFW,GDP per capita (constant 2015 US$),NY.GDP.PCAP.KD,1880.858797,1882.518808,1835.387229,1827.858406,1830.945623,1841.436116,1776.474134,1801.092775,1822.95546,1837.211718
Arab World,ARB,GDP per capita (constant 2015 US$),NY.GDP.PCAP.KD,6184.052193,6258.607227,6350.531332,6315.847499,6348.446345,6324.089752,5879.176985,6081.274255,6320.53651,6263.556671
Caribbean small states,CSS,GDP per capita (constant 2015 US$),NY.GDP.PCAP.KD,11643.15114,11629.12077,11593.1843,11726.77913,11902.25794,11898.66452,10749.76716,11787.7206,14352.34542,16071.75292
Central Europe and the Baltics,CEB,GDP per capita (constant 2015 US$),NY.GDP.PCAP.KD,12015.45659,12528.08264,12905.95263,13597.88154,14298.54802,14877.71057,14399.98311,15442.3018,16307.9844,16383.52064
Early-demographic dividend,EAR,GDP per capita (constant 2015 US$),NY.GDP.PCAP.KD,3140.735482,3234.225944,3331.742758,3440.646367,3527.048555,3566.648877,3370.595297,3588.257975,3748.875766,3856.959753
East Asia & Pacific,EAS,GDP per capita (constant 2015 US$),NY.GDP.PCAP.KD,9218.642381,9586.056625,9962.277147,10391.88364,10820.18959,11189.08587,11125.26593,11786.0728,12100.72526,12567.73839
East Asia & Pacific (excluding high income),EAP,GDP per capita (constant 2015 US$),NY.GDP.PCAP.KD,6137.796164,6499.96372,6874.964227,7280.603162,7705.282654,8104.873319,8167.212903,8758.225662,9033.870387,9471.476657
East Asia & Pacific (IDA & IBRD countries),TEA,GDP per capita (constant 2015 US$),NY.GDP.PCAP.KD,6206.838658,6572.889553,6951.889248,7361.807177,7791.042644,8194.964748,8257.945233,8855.562821,9134.398123,9577.028553
Euro area,EMU,GDP per capita (constant 2015 US$),NY.GDP.PCAP.KD,33528.40457,34118.36594,34657.58734,35497.86704,36051.23186,36586.02351,34306.71946,36354.44809,37450.1066,37399.93493
Europe & Central Asia,ECS,GDP per capita (constant 2015 US$),NY.GDP.PCAP.KD,22225.6805,22579.1837,22905.15081,23479.28032,23890.77058,24242.04064,22863.91808,24334.86232,25189.92305,25351.7952
Europe & Central Asia (excluding high income),ECA,GDP per capita (constant 2015 US$),NY.GDP.PCAP.KD,6148.364157,6312.150342,6430.659517,6748.182043,6926.95089,7021.206857,6995.155724,7571.515141,7922.981797,8269.25327
Europe & Central Asia (IDA & IBRD countries),TEC,GDP per capita (constant 2015 US$),NY.GDP.PCAP.KD,7937.909332,8014.504151,8121.813057,8431.583807,8705.989983,8898.25889,8743.867577,9374.897891,9659.416942,9992.535004
European Union,EUU,GDP per capita (constant 2015 US$),NY.GDP.PCAP.KD,29864.54238,30487.65237,31022.99303,31855.48976,32456.7455,33015.65141,31126.70256,33034.966,34169.43213,34162.57197
Fragile and conflict affected situations,FCS,GDP per capita (constant 2015 US$),NY.GDP.PCAP.KD,1867.163135,1845.312304,1843.536368,1848.816352,1857.92936,1862.88632,1705.422086,1744.126849,1739.654293,1728.121758
Heavily indebted poor countries (HIPC),HPC,GDP per capita (constant 2015 US$),NY.GDP.PCAP.KD,900.9691798,917.7214597,931.3074943,949.9365993,962.0160042,976.8357075,952.3116984,965.6570193,985.5017887,1002.114369
High income,HIC,GDP per capita (constant 2015 US$),NY.GDP.PCAP.KD,35840.91611,36482.99653,36955.78679,37694.68026,38420.01759,38982.24049,37327.80682,39440.2412,40395.78761,40852.72754
IBRD only,IBD,GDP per capita (constant 2015 US$),NY.GDP.PCAP.KD,5361.822566,5541.337594,5737.873976,5982.267734,6223.297652,6419.690013,6285.2012,6726.192814,6943.365867,7215.89481
IDA & IBRD total,IBT,GDP per capita (constant 2015 US$),NY.GDP.PCAP.KD,4354.372012,4484.489384,4625.193682,4802.274637,4976.328418,5114.02262,4988.816958,5303.126184,5449.893514,5632.935897
IDA blend,IDB,GDP per capita (constant 2015 US$),NY.GDP.PCAP.KD,1960.056872,1993.789362,1996.884461,2008.257045,2043.929932,2058.366561,1987.472379,2046.685411,2088.386734,2095.71065
IDA only,IDX,GDP per capita (constant 2015 US$),NY.GDP.PCAP.KD,1033.14296,1042.155355,1063.230851,1093.671321,1119.854695,1148.450923,1119.282163,1135.174346,1158.810736,1178.616229
IDA total,IDA,GDP per capita (constant 2015 US$),NY.GDP.PCAP.KD,1344.104112,1360.962177,1375.27752,1398.645323,1427.406632,1450.694062,1407.173726,1437.007549,1466.352534,1481.745443
Late-demographic dividend,LTE,GDP per capita (constant 2015 US$),NY.GDP.PCAP.KD,7894.69591,8212.743292,8526.980401,8922.716219,9355.683465,9745.820101,9732.041792,10434.74865,10756.39154,11199.83038
Latin America & Caribbean,LCN,GDP per capita (constant 2015 US$),NY.GDP.PCAP.KD,8773.772442,8719.625753,8603.518857,8681.356728,8737.416303,8722.923901,8077.334862,8583.828594,8867.546849,8992.345219
Latin America & Caribbean (excluding high income),LAC,GDP per capita (constant 2015 US$),NY.GDP.PCAP.KD,8359.61757,8297.302258,8172.093622,8249.215821,8287.686539,8255.772447,7645.953516,8105.063826,8361.53279,8481.2948
Latin America & the Caribbean (IDA & IBRD countries),TLA,GDP per capita (constant 2015 US$),NY.GDP.PCAP.KD,8637.594373,8577.804211,8460.486519,8542.292337,8602.308032,8585.968008,7956.869678,8469.687808,8748.722323,8872.245148
Least developed countries: UN classification,LDC,GDP per capita (constant 2015 US$),NY.GDP.PCAP.KD,965.6874649,968.1238895,979.6664563,998.9196606,1019.736613,1045.540177,1019.963778,1023.606736,1046.614007,1061.048543
Low & middle income,LMY,GDP per capita (constant 2015 US$),NY.GDP.PCAP.KD,4077.796728,4214.45758,4357.652609,4530.879534,4696.993503,4829.22128,4716.398944,5012.54302,5157.98366,5337.286718
Low income,LIC,GDP per capita (constant 2015 US$),NY.GDP.PCAP.KD,737.1908955,714.7715647,710.308151,712.5045501,717.0834965,726.8310504,709.3275018,704.7831999,711.9233791,713.7898987
Lower middle income,LMC,GDP per capita (constant 2015 US$),NY.GDP.PCAP.KD,1780.057497,1856.926033,1933.234339,2008.575496,2087.239591,2141.442572,2036.084043,2142.938054,2239.729607,2328.041979
Middle East & North Africa,MEA,GDP per capita (constant 2015 US$),NY.GDP.PCAP.KD,7221.223002,7266.659229,7441.383501,7454.711806,7489.141211,7461.952087,7060.794573,7359.098908,7670.040604,7689.53364
Middle East & North Africa (excluding high income),MNA,GDP per capita (constant 2015 US$),NY.GDP.PCAP.KD,3911.218025,3862.572205,3998.065146,4053.893563,4057.462241,4032.918385,3794.027848,3969.937346,4083.704987,4131.504022
Middle East & North Africa (IDA & IBRD countries),TMN,GDP per capita (constant 2015 US$),NY.GDP.PCAP.KD,3918.997899,3869.315611,4003.972623,4060.692962,4064.883906,4040.573539,3804.313513,3980.881518,4095.539675,4146.965384
Middle income,MIC,GDP per capita (constant 2015 US$),NY.GDP.PCAP.KD,4431.864765,4590.10014,4754.815039,4953.006865,5144.070342,5298.178206,5182.834604,5522.946512,5695.157511,5906.503179
North America,NAC,GDP per capita (constant 2015 US$),NY.GDP.PCAP.KD,54606.9502,55701.81244,56248.6714,57260.56823,58585.17019,59670.48231,57649.74419,60850.41364,61794.69301,62823.20098
Not classified,INX,GDP per capita (constant 2015 US$),NY.GDP.PCAP.KD,..,..,..,..,..,..,..,..,..,..
OECD members,OED,GDP per capita (constant 2015 US$),NY.GDP.PCAP.KD,35078.49725,35733.34403,36164.49629,36877.32189,37519.45856,37993.02015,36291.97949,38296.8617,39203.91185,39640.28056
Other small states,OSS,GDP per capita (constant 2015 US$),NY.GDP.PCAP.KD,11378.41294,11597.28561,11888.82903,12287.06536,12616.29647,12993.12806,12160.07768,12876.6358,13316.49439,13507.37829
Pacific island small states,PSS,GDP per capita (constant 2015 US$),NY.GDP.PCAP.KD,3638.55469,3735.499523,3835.102148,3946.250884,4013.349441,4020.696549,3565.224621,3415.926058,3681.76137,3837.485768
Post-demographic dividend,PST,GDP per capita (constant 2015 US$),NY.GDP.PCAP.KD,40009.80477,40717.09895,41261.91251,42118.25471,42913.4485,43546.43211,41596.77377,43896.77455,45048.77984,45600.10579
Pre-demographic dividend,PRE,GDP per capita (constant 2015 US$),NY.GDP.PCAP.KD,1518.857029,1524.757279,1517.952191,1499.743989,1496.46254,1503.927671,1425.639079,1431.58238,1452.123349,1447.857397
Small states,SST,GDP per capita (constant 2015 US$),NY.GDP.PCAP.KD,10401.11733,10568.2407,10783.52669,11103.83952,11376.32499,11644.29357,10805.87989,11452.19281,12203.98101,12626.81867
South Asia,SAS,GDP per capita (constant 2015 US$),NY.GDP.PCAP.KD,1453.105886,1539.594145,1639.439349,1725.063227,1812.810814,1862.634014,1757.512523,1892.059694,1993.217039,2098.845965
South Asia (IDA & IBRD),TSA,GDP per capita (constant 2015 US$),NY.GDP.PCAP.KD,1453.105886,1539.594145,1639.439349,1725.063227,1812.810814,1862.634014,1757.512523,1892.059694,1993.217039,2098.845965
Sub-Saharan Africa,SSF,GDP per capita (constant 2015 US$),NY.GDP.PCAP.KD,1651.863099,1654.272807,1630.438299,1627.391265,1628.56963,1628.439066,1555.153469,1580.487221,1597.725296,1604.265968
Sub-Saharan Africa (excluding high income),SSA,GDP per capita (constant 2015 US$),NY.GDP.PCAP.KD,1650.676795,1653.005847,1629.037214,1625.923227,1627.063719,1626.884902,1553.828341,1579.190923,1596.280998,1602.80847
Sub-Saharan Africa (IDA & IBRD countries),TSS,GDP per capita (constant 2015 US$),NY.GDP.PCAP.KD,1651.863099,1654.272807,1630.438299,1627.391265,1628.56963,1628.439066,1555.153469,1580.487221,1597.725296,1604.265968
Upper middle income,UMC,GDP per capita (constant 2015 US$),NY.GDP.PCAP.KD,7113.163736,7372.179962,7646.77485,7991.628679,8321.049574,8603.365376,8505.601737,9124.724089,9418.225816,9801.905948
World,WLD,GDP per capita (constant 2015 US$),NY.GDP.PCAP.KD,9986.631809,10177.89051,10343.83556,10580.07498,10807.88805,10976.61875,10547.77628,11111.87968,11364.96506,11567.23856
,,,,,,,,,,,,,
,,,,,,,,,,,,,
,,,,,,,,,,,,,
Data from database: World Development Indicators,,,,,,,,,,,,,
Last Updated: 09/19/2024,,,,,,,,,,,,,